{"Chembur": 5.739456745942991, "Kurla": 3.8842194205412137, "Malad West": 4.063829602109092, "Rasayani": 1.0116676066245807, "Vikhroli": 3.359460120516756, "Neral": 0.7707791341471549, "Mahim": 8.211593622840372, "Fort": 9.362284037088921, "Dombivali": 1.7708119425031927, "Palghar": 0.7338569808551799, "Malad East": 6.74420594385617, "Vangani": 0.7283536788739912, "Jogeshwari West": 7.544479068393417, "Dahisar": 3.414803784231323, "Borivali East": 4.55273163898339, "Mulund West": 5.993596157694617, "Kharghar": 4.558281067931539, "Vasai": 0.9630876565154779, "Santacruz East": 8.690312226551617, "Ambernath East": 0.99373349499896, "Andheri West": 1.1215718554613257, "Mazagaon": 13.51477553198586, "Karjat": 0.6359944999257618, "Khopoli": 0.8182687390211906, "Goregaon East": 17.291551401429096, "Panvel": 2.2568874658128215, "Kalyan West": 1.5422987125608703, "Andheri East": 4.68917582433518, "Dronagiri": 1.484157160963245, "Umroli": 0.5041914037311276, "Virar": 1.39896883113687, "Kalyan East": 3.1668167567206993, "Thane West": 3.6308651857781338, "Shahapur": 1.1921152691614971, "Taloja": 1.2583704068595, "Ulwe": 1.2782669601761059, "Badlapur East": 1.1082983123207257, "Titwala": 1.0156093656193717, "Diva": 1.0914326373601941, "Kamothe": 2.4748182242678944, "Bhiwandi": 1.1215777085298801, "Kandivali West": 3.9654561967950004, "Powai": 8.437249849909946, "Badlapur West": 0.7192336235074379, "Dombivali East": 0.991921239700342, "Mira Road East": 2.948147884164289, "Vasai east": 2.7249683143219268, "Wada": 0.8905343205923554, "Dadar East": 14.457007537856049, "Colaba": 7.6612634247215, "Sion": 8.641676233810463, "Santosh Nagar": 0.8320825828830634, "Virar East": 0.7362750983923688, "Agripada": 17.24664428286602, "Gorai": 2.508171569608432, "Virar West": 1.1072643586151696, "Santacruz West": 22.566039623774266, "Kalwa": 2.5088386365152426, "Nala Sopara": 1.234674137816023, "Hendre Pada": 0.450436928823961, "Vasai West": 1.5075712093923022, "Mazgaon": 8.937670294484382, "Belapur": 2.3652286610061273, "Borivali West": 4.428371308499385, "Nerul": 8.5546566034859, "Kumbharkhan Pada": 0.740444266559936, "Ghatkopar West": 6.593956373824295, "Khadawali": 0.03335334534053765, "Mulund East": 5.382118159784759, "Kalamboli": 3.028996885310674, "Karanjade": 2.545315067828576, "Kanjurmarg": 4.920730215907322, "Anjurdive": 2.2635803704444895, "Navade": 1.6743379360949904, "Airoli": 2.9352394045122727, "matunga east": 3.592155293175906, "Vichumbe": 1.5576012274031088, "Goregaon West": 4.375958908678541, "Bhangarwadi": 0.840504302581549, "Bandra West": 15.471687384015109, "Mandvi": 1.7410446267760658, "Kamathipura": 8.244946968180908, "Nalasopara West": 0.7070909212193983, "Bhayandar West": 2.581548929357615, "Boisar": 0.8894225424143375, "Dharamveer Nagar": 1.5742779000733775, "Bhayandar East": 3.2039594126846485, "Diva Gaon": 0.3536319322457673, "Parel": 3.10853178573811, "Sanpada": 5.721210504080227, "Jogeshwari East": 8.761923820959243, "Girgaon": 7.5222911524692595, "Koper Khairane": 3.6824055217444194, "Dombivli (West)": 0.9759397305049697, "Taloje": 0.8765259155493297, "Dundare": 0.5276499232873056, "Pale Bk.": 0.7904742845707425, "Thakurli": 1.6743379360949904, "Bhandup West": 3.516022657072505, "Seawoods": 6.234852022324505, "Vikhroli West": 2.0745780801814426, "Kandivali East": 6.149800991706135, "Sewri": 9.791708358348343, "Ghatkopar East": 4.4760189447001535, "Kanjurmarg East": 4.24254552731639, "Kurla West": 2.491494896938163, "Vevoor": 0.6070308851977854, "Nalasopara East": 0.8655193115869523, "Ville Parle East": 17.917417116936832, "Mumbai Central": 16.249749849909946, "Shelu": 0.3402041224734841, "Palava": 1.4075111733706893, "Byculla": 10.810588917453035, "New Balaji Nagar": 0.6737375758788607, "Dahisar East": 7.422231116447647, "Vasind": 0.7070909212193983, "Juhu": 52.91063527005093, "Wadala": 9.396920203404093, "Dahisar West": 3.10853178573811, "Ambivli": 0.24014408645187113, "Navapada": 0.740444266559936, "Kurla East": 3.158561803748916, "Greater Khanda": 1.8327663264625444, "Ambernath West": 0.9605763458074845, "Dadar West": 14.63767149178396, "Napeansea Road": 32.7040668845752, "Vishnu Nagar": 2.0674626998421273, "Nilje Gaon": 1.9856358259400086, "Vikroli East": 3.479587752651591, "Prabhadevi": 30.758455073043827, "Khar West": 15.374224534720831, "Masjid Bandar": 2.2410112734307255, "Beturkar Pada": 0.5886865452604896, "Ghodbander": 2.5748782602895073, "Datiwali Gaon": 0.37188980054699483, "Saphale": 0.49696484557401105, "Bandra East": 9.762524181175372, "Naigaon West": 0.8738576479220865, "Koproli": 0.940564338603162, "Shil Phata": 1.4073999955528875, "Cuffe Parade": 20.196562381873573, "Lower Parel": 18.599644635266014, "Vashi": 5.626709358948703, "Deonar": 1.2374091121339472, "Matunga": 13.214595423921018, "Ulhasnagar": 1.1611967180308187, "kasaradavali thane west": 2.3847641918484426, "Peddar Road": 11.580281502234675, "Naigaon East": 1.1838134626807832, "LBS Marg": 9.07878060169435, "Hiranandani Estates": 2.1746381162030555, "Bhandup East": 3.0418250950570345, "Rabale": 1.9078113534787542, "Atgaon": 0.4402641584950971, "Ghansoli": 6.113112311831544, "Dighe": 2.8417050230138083, "Worli": 13.247948769261559, "Kharodi": 0.9072109932626242, "Madanpura": 15.48262290707758, "Dahisar Navi mumbai": 1.0489627109599093, "Khar": 19.251550930558338, "Bandra Kurla Complex": 11.644422550966476}